<?xml version="1.0" encoding="UTF-8"?>
<root>
  <item name="com.master.camera_app.CameraView int getFacing()">
    <annotation name="androidx.annotation.IntDef">
      <val name="value" val="{com.master.camera_app.CameraView.FACING_BACK, com.master.camera_app.CameraView.FACING_FRONT}" />
    </annotation>
  </item>
  <item name="com.master.camera_app.CameraView int getFlash()">
    <annotation name="androidx.annotation.IntDef">
      <val name="value" val="{com.master.camera_app.CameraView.FLASH_OFF, com.master.camera_app.CameraView.FLASH_ON, com.master.camera_app.CameraView.FLASH_TORCH, com.master.camera_app.CameraView.FLASH_AUTO, com.master.camera_app.CameraView.FLASH_RED_EYE}" />
    </annotation>
  </item>
  <item name="com.master.camera_app.CameraView void setFacing(int) 0">
    <annotation name="androidx.annotation.IntDef">
      <val name="value" val="{com.master.camera_app.CameraView.FACING_BACK, com.master.camera_app.CameraView.FACING_FRONT}" />
    </annotation>
  </item>
  <item name="com.master.camera_app.CameraView void setFlash(int) 0">
    <annotation name="androidx.annotation.IntDef">
      <val name="value" val="{com.master.camera_app.CameraView.FLASH_OFF, com.master.camera_app.CameraView.FLASH_ON, com.master.camera_app.CameraView.FLASH_TORCH, com.master.camera_app.CameraView.FLASH_AUTO, com.master.camera_app.CameraView.FLASH_RED_EYE}" />
    </annotation>
  </item>
  <item name="com.master.camera_app.CameraView.Facing">
    <annotation name="androidx.annotation.IntDef">
      <val name="value" val="{com.master.camera_app.CameraView.FACING_BACK, com.master.camera_app.CameraView.FACING_FRONT}" />
    </annotation>
  </item>
  <item name="com.master.camera_app.CameraView.Flash">
    <annotation name="androidx.annotation.IntDef">
      <val name="value" val="{com.master.camera_app.CameraView.FLASH_OFF, com.master.camera_app.CameraView.FLASH_ON, com.master.camera_app.CameraView.FLASH_TORCH, com.master.camera_app.CameraView.FLASH_AUTO, com.master.camera_app.CameraView.FLASH_RED_EYE}" />
    </annotation>
  </item>
  <item name="com.master.camera_app.CameraView.SavedState facing">
    <annotation name="androidx.annotation.IntDef">
      <val name="value" val="{com.master.camera_app.CameraView.FACING_BACK, com.master.camera_app.CameraView.FACING_FRONT}" />
    </annotation>
  </item>
  <item name="com.master.camera_app.CameraView.SavedState flash">
    <annotation name="androidx.annotation.IntDef">
      <val name="value" val="{com.master.camera_app.CameraView.FLASH_OFF, com.master.camera_app.CameraView.FLASH_ON, com.master.camera_app.CameraView.FLASH_TORCH, com.master.camera_app.CameraView.FLASH_AUTO, com.master.camera_app.CameraView.FLASH_RED_EYE}" />
    </annotation>
  </item>
</root>

